Model,Accuracy,Macro-F1
CNN,0.7072,0.7059886578954121
ViT-Tiny,0.8028,0.80290105759653
